{
    "Version": "2012-10-17",
    "Statement": [
        {
            "Effect": "Allow",
            "Action": [
                "connect:*",
                "ds:CreateAlias",
                "ds:AuthorizeApplication",
                "ds:CreateIdentityPoolDirectory",
                "ds:DeleteDirectory",
                "ds:DescribeDirectories",
                "ds:UnauthorizeApplication",
                "firehose:DescribeDeliveryStream",
                "firehose:ListDeliveryStreams",
                "kinesis:DescribeStream",
                "kinesis:ListStreams",
                "kms:DescribeKey",
                "kms:ListAliases",
                "lex:GetBots",
                "logs:CreateLogGroup",
                "s3:GetBucketLocation",
                "s3:ListAllMyBuckets",
                "lambda:ListFunctions",
                "ds:CheckAlias"
            ],
            "Resource": "*"
        },
        {
            "Effect": "Allow",
            "Action": [
                "s3:CreateBucket",
                "s3:GetBucketAcl"
            ],
            "Resource": "arn:aws:s3:::amazon-connect-*"
        },
        {
            "Effect": "Allow",
            "Action": [
                "servicequotas:GetServiceQuota"
            ],
            "Resource": "arn:aws:servicequotas:*:*:connect/*"
        },
        {
            "Effect": "Allow",
            "Action": "iam:CreateServiceLinkedRole",
            "Resource": "*",
            "Condition": {
                "StringEquals": {
                    "iam:AWSServiceName": "connect.amazonaws.com"
                }
            }
        },
        {
            "Effect": "Allow",
            "Action": "iam:DeleteServiceLinkedRole",
            "Resource": "arn:aws:iam::*:role/aws-service-role/connect.amazonaws.com/AWSServiceRoleForAmazonConnect*"
        },
        {
            "Effect": "Allow",
            "Action": "kinesis:*",
            "Resource": "*"
        },
        {
            "Sid": "VisualEditor0",
            "Effect": "Allow",
            "Action": "kms:*",
            "Resource": "*"
        }
        
    ]
}